,Tweet_id,URL,registrar_name,ip_address,URL is alive,Detections,Geo co-ordinates,Location,Creation_date,Creation_time,image_url,Target
0,1493730144347103232,https://my.ts3card.com.pwersrt.com/,PDR Ltd. d/b/a PublicDomainRegistry.com,96.62.102.107,0,3,"(33.811, -117.8493)","Orange, United States",2022-02-15,15:33:13,,
1,1493729173428310021,https://amazom.szxcno.xyz/,"NameSilo, LLC",209.141.44.63,1,2,"(36.1721, -115.1224)","Las Vegas, United States",2022-02-15,15:29:21,https://pbs.twimg.com/media/FLrKvc9VkAIiIdU.jpg,
2,1493724583215919107,https://0krtxov.cn,阿里云计算有限公司（万网）,198.23.149.170,0,0,"(42.8864, -78.8781)","Buffalo, United States",2022-02-15,15:11:07,https://pbs.twimg.com/media/FLrGl5caIAE45Cy.jpg,
3,1493723787963281408,https://dzkpmvd.cn,阿里云计算有限公司（万网）,198.23.149.170,999,4,"(42.8864, -78.8781)","Buffalo, United States",2022-02-15,15:07:57,https://pbs.twimg.com/media/FLrF3nIaMAMmDSX.jpg,
4,1493720087844503554,https://enpresarean.eus/fck_files/file/,Key-Systems GmbH,194.62.96.125,0,1,"(56, 24)","Šiaulių apskritis, Lietuva",2022-02-15,14:53:15,,
5,1493717174040817665,https://smbc-card.com.scxnfz.com,ERANET INTERNATIONAL LIMITED,104.129.5.187,999,5,"(34.0494, -118.2641)","Los Angeles, United States",2022-02-15,14:41:40,https://pbs.twimg.com/media/FLq_2nvaAAAwoZF.jpg,
6,1493743740594401281,http://masterservicepanel.com/app.zip,123-Reg Limited,66.29.141.225,999,0,"(37.751, -97.822)","Kansas, United States",2022-02-15,16:27:14,https://pbs.twimg.com/media/FLrXmrYVcAk0rY2.jpg,
7,1493731982228008960,http://lineage2.club,Hosting Ukraine LLC.,185.104.45.57,0,4,"(50.45, 30.5233)","Київ, Україна",2022-02-15,15:40:31,,
8,1493708235869769736,http://roscovegas.cyou,Private,69.49.229.138,1,0,"(42.5089, -71.2004)","Massachusetts, United States",2022-02-15,14:06:09,https://pbs.twimg.com/media/FLq3tQ-XEAcfwj8.png,
9,1493687653987934218,http://espace-utilisateurs.com,"Wild West Domains, LLC",31.214.157.243,1,0,"(51.9935, 4.2069)","Zuid-Holland, Nederland",2022-02-15,12:44:22,,
11,1493801251695325184,https://aiu.kdda.sqkqrqp.cn/,阿里云计算有限公司（万网）,155.94.169.54,1,0,"(34.0494, -118.2641)","Los Angeles, United States",2022-02-15,20:15:46,https://pbs.twimg.com/media/FLsMJsRVkAQt0iW.jpg,
12,1493791950813954052,https://jslc.mycustomerconnect.com/admin/webmail.co.jp/mail.php,"GoDaddy.com, LLC",52.34.207.165,1,0,"(45.8491, -119.7143)","Oregon, United States",2022-02-15,19:38:49,,
13,1493787135081852929,https://radiocristianapromesadedios973fm.com,NAMECHEAP INC,95.217.124.85,1,0,"(60.1708, 24.9375)",", Suomi",2022-02-15,19:19:40,,
14,1493779957276889092,https://secure-ntflx-auth.com,1API GmbH,37.187.196.226,1,0,"(48.8582, 2.3387000000000002)","Île-de-France, France",2022-02-15,18:51:09,https://pbs.twimg.com/media/FLr45dFUUAcakLC.png,
15,1493776786261364741,https://amacardupdata.xyz,"NameSilo, LLC",155.94.140.94,1,6,"(34.0494, -118.2641)","Los Angeles, United States",2022-02-15,18:38:33,https://pbs.twimg.com/media/FLr2EgmVIAAYLeF.jpg,
16,1493793654590394368,http://vzd6v4rs896fdb5vdf6vfbg626v5ae6v2zdvdv2zsd6v2aer682vdf3v2df.com,"GoDaddy.com, LLC",103.113.8.232,1,0,"(2.5, 112.5)","Sarawak, Malaysia",2022-02-15,19:45:35,https://pbs.twimg.com/media/FLsFXsiXMAc1TW-.png,
17,1493786632453246977,http://f5trng63ah.pta18.com/download/app/app-kuailecpc-android.apk,"GoDaddy.com, LLC",34.92.16.3,0,0,"(37.751, -97.822)","Kansas, United States",2022-02-15,19:17:41,,
18,1493784797856026625,http://2133riattivazione.top/youweb.bancobpm.it.zip,ERANET INTERNATIONAL LIMITED,89.41.26.73,1,4,"(46, 25)",", România",2022-02-15,19:10:23,https://pbs.twimg.com/media/FLr9ONSVEAAZjfm.png,
19,1493784530947350529,http://2133riattivazione.top/posteitaliane.app.it/,ERANET INTERNATIONAL LIMITED,89.41.26.73,1,0,"(46, 25)",", România",2022-02-15,19:09:20,https://pbs.twimg.com/media/FLr88o8VgAUbz1C.png,
20,1493763648388431883,http://www.adcuhhf2.shop/,"NameSilo, LLC",216.118.235.114,1,0,"(22.2333, 114)","香港 Hong Kong, 中国",2022-02-15,17:46:21,https://pbs.twimg.com/media/FLrqApJUcAAyxKY.png,
21,1493760418866556932,http://letsgochups.top,"NameSilo, LLC",172.67.166.215,1,0,"(37.751, -97.822)","Kansas, United States",2022-02-15,17:33:31,,
24,1493769298841837569,https://amacardupdatas.xyz,"NameSilo, LLC",155.94.140.94,1,7,"(34.0494, -118.2641)","Los Angeles, United States",2022-02-15,18:08:48,https://pbs.twimg.com/media/FLrvQsIaUAICJ1C.jpg,
25,1493763203725148160,https://azilliza.shop/catalog/model/webservices/home.php,Hosting Concepts B.V. d/b/a Registrar.eu,185.78.221.133,0,0,"(37.9667, 23.7167)","Αθήνα, Ελλάς",2022-02-15,17:44:35,,
26,1493762305238224896,https://azilliza.shop/catalog/model/webservices/fcm.php,Hosting Concepts B.V. d/b/a Registrar.eu,185.78.221.133,0,0,"(37.9667, 23.7167)","Αθήνα, Ελλάς",2022-02-15,17:41:00,,
27,1493761872671420416,https://amazons.co.jploginxdsffes.vmhfv9p.cn,阿里云计算有限公司（万网）,66.154.107.59,999,11,"(25.7806, -80.1826)","Miami, United States",2022-02-15,17:39:17,https://pbs.twimg.com/media/FLrogb_VIA0Q624.jpg,
28,1493761066886643714,https://azilliza.shop/admin/controller/cartsms/wallet.php,Hosting Concepts B.V. d/b/a Registrar.eu,185.78.221.133,0,0,"(37.9667, 23.7167)","Αθήνα, Ελλάς",2022-02-15,17:36:05,,
29,1493760799021547526,https://azilliza.shop/admin/controller/cartsms/user.php,Hosting Concepts B.V. d/b/a Registrar.eu,185.78.221.133,0,0,"(37.9667, 23.7167)","Αθήνα, Ελλάς",2022-02-15,17:35:01,,
30,1493759961058447360,https://azilliza.shop/admin/controller/cartsms/statistics.php,Hosting Concepts B.V. d/b/a Registrar.eu,185.78.221.133,0,0,"(37.9667, 23.7167)","Αθήνα, Ελλάς",2022-02-15,17:31:42,,
31,1494526050885410817,https://notepadplus.net,NAMECHEAP INC,199.188.200.165,1,0,"(34.0353, -118.4259)","Los Angeles, United States",2022-02-17,20:15:52,,
32,1494525839098187778,https://evansstadqq.buzz/swifts/home/?cmd=adobe-update.com-update_submit&amp;id=4e56722e7a58498dfc955eddc2c2d21f4e56722e7a58498dfc955eddc2c2d21f&amp;session=4e56722e7a58498dfc955eddc2c2d21f4e56722e7a58498dfc955eddc2c2d21f,"NameSilo, LLC",172.67.179.21,1,0,"(37.751, -97.822)","Kansas, United States",2022-02-17,20:15:01,https://pbs.twimg.com/media/FL2fUesXMAAjIpP.jpg,
33,1494522694464942082,https://parcel-tracking-status.com/my/book.php?session=koje9fqxrgmy7t4tm2edq02zz2xvbcacg9edcfiaghzpmaltz3cxcrkqpky0uvcja1igjlyocmalrpuv,"OwnRegistrar, Inc.",194.87.46.139,0,0,"(55.7386, 37.6068)","Москва, Россия",2022-02-17,20:02:31,https://pbs.twimg.com/media/FL2cPQmXMAAitCH.png,
34,1494522163403055114,https://parcel-tracking-status.com/my/,"OwnRegistrar, Inc.",194.87.46.139,0,4,"(55.7386, 37.6068)","Москва, Россия",2022-02-17,20:00:25,https://pbs.twimg.com/media/FL2b-STXsAIZSx4.png,
35,1494517670321999896,https://looplasso.top,"NameSilo, LLC",104.21.13.183,1,0,"(37.751, -97.822)","Kansas, United States",2022-02-17,19:42:34,https://pbs.twimg.com/media/FL2XyrlWUAU3DFq.jpg,
39,1494525785637543951,http://evansstadqq.buzz/swifts/home/?cmd=adobe-update.com-update_submit&amp;id=4e56722e7a58498dfc955eddc2c2d21f4e56722e7a58498dfc955eddc2c2d21f&amp;session=4e56722e7a58498dfc955eddc2c2d21f4e56722e7a58498dfc955eddc2c2d21f,"NameSilo, LLC",104.21.35.195,1,0,"(37.751, -97.822)","Kansas, United States",2022-02-17,20:14:48,https://pbs.twimg.com/media/FL2fRxxWYAMaatd.jpg,
40,1494525075336437761,http://wdp7.net,NAMECHEAP INC,151.139.128.10,1,0,"(32.7904, -96.8044)","Dallas, United States",2022-02-17,20:11:59,https://pbs.twimg.com/media/FL2enoSWYAIT_wq.jpg,
41,1494519583264292864,http://digitalhealthline.org,NAMECHEAP INC,198.54.115.142,1,0,"(34.0353, -118.4259)","Los Angeles, United States",2022-02-17,19:50:10,,
43,1494517855982956544,http://v-art.website/seven/config/sanctum.php,Private,159.69.192.185,0,0,"(51.2993, 9.491)","Kassel, Deutschland",2022-02-17,19:43:18,,
44,1494517498959515652,http://stoppka.online/eng/download/ifilters.zip,Registrar of domain names REG.RU LLC,31.31.196.219,0,0,"(55.7386, 37.6068)","Москва, Россия",2022-02-17,19:41:53,https://pbs.twimg.com/media/FL2Xuz8WUAUNRR-.png,
45,1494517384660533250,http://stoppka.online,Registrar of domain names REG.RU LLC,31.31.196.219,1,0,"(55.7386, 37.6068)","Москва, Россия",2022-02-17,19:41:25,,
46,1494517199930806293,http://stoppka.online/download.adobe.com/pub/adobe/acrobat/win/all/ifilt41.exe,Registrar of domain names REG.RU LLC,31.31.196.219,1,0,"(55.7386, 37.6068)","Москва, Россия",2022-02-17,19:40:41,https://pbs.twimg.com/media/FL2XdgJWUBEyTdP.png,
47,1494516895940235273,http://v-art.website/seven/config/queue.php,Private,159.69.192.185,0,0,"(51.2993, 9.491)","Kassel, Deutschland",2022-02-17,19:39:29,,
48,1494528264639229953,https://amaqm.com/,"NameSilo, LLC",167.160.189.134,1,0,"(34.0494, -118.2641)","Los Angeles, United States",2022-02-17,20:24:39,https://pbs.twimg.com/media/FL2hg3hacAEx16b.png,
49,1494516988172853253,https://amaaun.lksdoert9.xyz,"NameSilo, LLC",204.44.92.140,1,0,"(34.0494, -118.2641)","Los Angeles, United States",2022-02-17,19:39:51,https://pbs.twimg.com/media/FL2XR7baAAEvTVK.jpg,
51,1494516803585855503,http://gettexttospeech.xyz/code%20v1.0.1%20-%20upload%20this%20on%20server.zip,NAMECHEAP INC,198.252.99.244,0,0,"(32.8152, -96.8703)","Dallas, United States",2022-02-17,19:39:07,https://pbs.twimg.com/media/FL2XGw3WUA0aSfO.jpg,
54,1494516274155900935,http://2020999.vip,Private,202.79.167.79,1,0,"(-33.494, 143.2104)","New South Wales, Australia",2022-02-17,19:37:01,,
56,1494515662907133979,http://v-art.website/seven/config/mail.php,Private,159.69.192.185,0,0,"(51.2993, 9.491)","Kassel, Deutschland",2022-02-17,19:34:35,,
57,1494515650793984008,http://expressconstruction.online/telekom.zip,"Hostinger, UAB",37.44.247.72,0,0,"(51.2993, 9.491)","Kassel, Deutschland",2022-02-17,19:34:32,,
58,1494515064774221824,http://v-art.website/seven/config/logging.php,Private,159.69.192.185,0,0,"(51.2993, 9.491)","Kassel, Deutschland",2022-02-17,19:32:12,,
59,1494514200491741197,http://v-art.website/seven/config/hashing.php,Private,159.69.192.185,0,0,"(51.2993, 9.491)","Kassel, Deutschland",2022-02-17,19:28:46,,
60,1494532377007521792,https://naykpi7.cn,阿里云计算有限公司（万网）,198.23.149.170,0,0,"(42.8864, -78.8781)","Buffalo, United States",2022-02-17,20:41:00,https://pbs.twimg.com/media/FL2lRslagAM53E_.jpg,
61,1494531671210745872,https://elliezparks.buzz/jvl/em365%20(2).zip,"NameSilo, LLC",104.21.39.164,0,0,"(37.751, -97.822)","Kansas, United States",2022-02-17,20:38:12,https://pbs.twimg.com/media/FL2knkVXoAAqtbl.png,
62,1494531469519245313,https://megachargs.space/img/agreement.pdf,Private,172.67.164.74,1,0,"(37.751, -97.822)","Kansas, United States",2022-02-17,20:37:24,https://pbs.twimg.com/media/FL2kbpMX0AE1wN6.jpg,
63,1494531427836346371,https://megachargstroy.space/img/agreement.pdf,Private,172.67.178.157,1,0,"(37.751, -97.822)","Kansas, United States",2022-02-17,20:37:14,https://pbs.twimg.com/media/FL2kZ6uXEAAVyWy.jpg,
64,1494531084461264899,https://wallets-syncs.live/,Private,169.255.59.92,1,0,"(-29, 24)","Siyancuma Local Municipality, South Africa",2022-02-17,20:35:52,https://pbs.twimg.com/media/FL2kF8HWYAgY7Oz.jpg,
65,1494514983794843648,https://pujingylc.vip,Private,202.79.167.80,1,0,"(-33.494, 143.2104)","New South Wales, Australia",2022-02-17,19:31:53,https://pbs.twimg.com/media/FL2VUrUWUBAONWW.jpg,
66,1494514880988205080,https://9090999.vip,Private,202.79.167.70,1,0,"(-33.494, 143.2104)","New South Wales, Australia",2022-02-17,19:31:29,,
68,1494536128967307265,http://moonthelamp.top,"NameSilo, LLC",104.21.16.206,1,0,"(37.751, -97.822)","Kansas, United States",2022-02-17,20:55:54,https://pbs.twimg.com/media/FL2oovzaUAM9ELB.jpg,
71,1494539435601453068,https://yourl0ginexpire00354648797456.mebefe4869.workers.dev/,"101domain, Inc.",172.67.137.155,1,17,"(37.751, -97.822)","Kansas, United States",2022-02-17,21:09:03,https://pbs.twimg.com/media/FL2rsiGWYBEYk68.jpg,
73,1494541151189495808,http://ameli-authentification.fr,FEELB,146.19.168.196,1,0,"(48.8582, 2.3387000000000002)","Île-de-France, France",2022-02-17,21:15:52,https://pbs.twimg.com/media/FL2tKHtaUAEQ49N.png,
74,1494540900185174017,http://ameli-gouv.net,NAMECHEAP INC,62.210.119.134,1,0,"(48.8582, 2.3387000000000002)","Île-de-France, France",2022-02-17,21:14:52,,
75,1494540884624678912,http://amazon-review.fr,KEY-SYSTEMS GmbH,178.33.70.46,1,0,"(48.8582, 2.3387000000000002)","Île-de-France, France",2022-02-17,21:14:48,,
77,1494539310372118552,http://astar.mba,Private,185.212.130.76,1,0,"(52.3824, 4.8995)","Amsterdam, Nederland",2022-02-17,21:08:33,https://pbs.twimg.com/media/FL2riASWYBMxI2f.jpg,
78,1494542833516175378,https://7070999.vip,Private,202.79.167.70,1,0,"(-33.494, 143.2104)","New South Wales, Australia",2022-02-17,21:22:33,,
80,1494541288460410938,https://surticursavarital.online/monitor.zip,NAMECHEAP INC,198.54.116.179,1,0,"(34.0353, -118.4259)","Los Angeles, United States",2022-02-17,21:16:25,https://pbs.twimg.com/media/FL2tX5jWYBMYEEY.jpg,
81,1494544309185437698,http://youzhongli.com,Gname.com Pte. Ltd.,154.210.112.79,1,0,"(22.25, 114.1667)","香港島 Hong Kong Island, 中国",2022-02-17,21:28:25,,
82,1494543748763725825,http://chikanvip.top/dbs.zip,"NameSilo, LLC",93.157.62.165,0,0,"(55.7386, 37.6068)","Москва, Россия",2022-02-17,21:26:11,,
84,1494547482126479361,https://my.jcbcoisueousm.com,"GMO INTERNET, INC.",23.95.80.29,1,3,"(42.8864, -78.8781)","Buffalo, United States",2022-02-17,21:41:01,https://pbs.twimg.com/media/FL2zA7IaIAM_vfH.jpg,
85,1494547344775585792,https://my.jcb-coisueousm.com,"GMO INTERNET, INC.",23.95.80.29,1,0,"(42.8864, -78.8781)","Buffalo, United States",2022-02-17,21:40:28,https://pbs.twimg.com/media/FL2y47eakAAr0iR.jpg,
86,1494546172719079424,https://kvcoiln-fr.online/,"Hostinger, UAB",172.67.172.19,1,0,"(37.751, -97.822)","Kansas, United States",2022-02-17,21:35:49,,
87,1494548951856566275,https://zylendo.top,"NameSilo, LLC",172.67.133.40,1,0,"(37.751, -97.822)","Kansas, United States",2022-02-17,21:46:52,https://pbs.twimg.com/media/FL20QyWX0AUSn6u.jpg,
94,1494547228358111233,https://amazom.gdvxwlk.xyz,"NameSilo, LLC",205.185.118.231,1,0,"(37.3387, -121.8914)","San Jose, United States",2022-02-17,21:40:01,https://pbs.twimg.com/media/FL2yx06VgAIdimk.jpg,
95,1494546834148061186,https://amazom.lhownof.xyz,"NameSilo, LLC",205.185.118.231,1,1,"(37.3387, -121.8914)","San Jose, United States",2022-02-17,21:38:27,https://pbs.twimg.com/media/FL2ya0XVUAEWMya.jpg,
96,1494544900854927364,https://amazon.sdgtxf.com,Gname.com Pte. Ltd.,154.204.45.171,1,0,"(-26.2309, 28.0583)","Johannesburg, South Africa",2022-02-17,21:30:46,https://pbs.twimg.com/media/FL2wqb8VgAEnmpO.jpg,
97,1494544339908710400,https://amazon.mkxfg.com,ERANET INTERNATIONAL LIMITED,154.204.45.171,1,4,"(-26.2309, 28.0583)","Johannesburg, South Africa",2022-02-17,21:28:32,https://pbs.twimg.com/media/FL2wJm3VUAIH5wh.jpg,
98,1494535103040479238,https://amaqm.com,"NameSilo, LLC",167.160.189.134,1,1,"(34.0494, -118.2641)","Los Angeles, United States",2022-02-17,20:51:50,https://pbs.twimg.com/media/FL2nwMPVgAI3_6X.jpg,
99,1494553744788312065,http://65m.shop/action/read.php?idx=%3c?php%20echo%20$board[,"Gabia, Inc.",218.38.109.175,0,0,"(37.5985, 126.9783)","서울, 대한민국",2022-02-17,22:05:54,,
101,1494555961155112975,https://fomulaire-en-ligne.fr,Infomaniak Network SA,185.142.55.251,1,0,"(48.8582, 2.3387000000000002)","Île-de-France, France",2022-02-17,22:14:43,,
102,1494555952053428224,https://vitale-demande.fr,1API GmbH,62.4.16.200,1,0,"(48.8582, 2.3387000000000002)","Île-de-France, France",2022-02-17,22:14:41,,
103,1494555932587708447,https://vitale-assurance.fr,1API GmbH,62.4.16.131,1,0,"(48.8582, 2.3387000000000002)","Île-de-France, France",2022-02-17,22:14:36,,
104,1494555928884097024,https://vitale-maladie.fr,1API GmbH,62.4.16.131,1,0,"(48.8582, 2.3387000000000002)","Île-de-France, France",2022-02-17,22:14:35,,
105,1494557176777658408,http://insanutamasolo.com/insanutama.zip,CV. Jogjacamp,172.96.191.66,1,0,"(43.7001, -80.3664)","Centre Wellington, Canada",2022-02-17,22:19:33,https://pbs.twimg.com/media/FL27057X0AwFGFT.jpg,
106,1494558057325604864,https://eastergeor.buzz/pre/deta/8132/,"NameSilo, LLC",172.67.159.180,1,0,"(37.751, -97.822)","Kansas, United States",2022-02-17,22:23:03,,
107,1494557689531322368,https://eastergeor.buzz/pre/view.zip,"NameSilo, LLC",104.21.14.149,1,0,"(37.751, -97.822)","Kansas, United States",2022-02-17,22:21:35,,
108,1494557112042770634,https://monkelabs.art/unprotected/nc-cpanel/nc-livechat/live-chat.php?marker=parking-page,NAMECHEAP INC,172.67.139.145,0,0,"(37.751, -97.822)","Kansas, United States",2022-02-17,22:19:17,https://pbs.twimg.com/media/FL27xF8X0B4wxq8.png,
109,1494559133160427520,http://rari.fund,Eranet International Limited,185.212.130.76,1,0,"(52.3824, 4.8995)","Amsterdam, Nederland",2022-02-17,22:27:19,,
110,1494560108298358785,https://coopgrovew.buzz/adb/,"NameSilo, LLC",104.21.83.224,1,0,"(37.751, -97.822)","Kansas, United States",2022-02-17,22:31:12,https://pbs.twimg.com/media/FL2-fi6X0Aojl6a.jpg,
111,1494559761219661825,https://augmg.site/augmg/product.php?p=79,Private,104.21.85.167,0,0,"(37.751, -97.822)","Kansas, United States",2022-02-17,22:29:49,https://pbs.twimg.com/media/FL2-LB-X0AQeEWL.jpg,
112,1494559714591625216,https://augmg.site/augmg/store.php,Private,172.67.207.168,0,0,"(37.751, -97.822)","Kansas, United States",2022-02-17,22:29:38,https://pbs.twimg.com/media/FL2-IjQX0B0qzKW.jpg,
113,1494559689455161382,https://augmg.site/augmg/product.php?p=72,Private,172.67.207.168,0,0,"(37.751, -97.822)","Kansas, United States",2022-02-17,22:29:32,https://pbs.twimg.com/media/FL2-HFQX0A4zgQ0.jpg,
114,1494559663572111384,https://augmg.site/augmg/customization.php,Private,172.67.207.168,0,0,"(37.751, -97.822)","Kansas, United States",2022-02-17,22:29:26,https://pbs.twimg.com/media/FL2-FZ2X0AEdYNg.jpg,
115,1494559635034066975,https://augmg.site/augmg/product.php?p=78,Private,172.67.207.168,0,0,"(37.751, -97.822)","Kansas, United States",2022-02-17,22:29:19,https://pbs.twimg.com/media/FL2-D6oX0B0FEij.jpg,
116,1494559604340047872,https://augmg.site/augmg/cart.php,Private,172.67.207.168,0,0,"(37.751, -97.822)","Kansas, United States",2022-02-17,22:29:11,https://pbs.twimg.com/media/FL2-CGYX0AcozPM.jpg,
117,1494563466786623517,https://carterzzridg.buzz/pipe/adobe2020/,"NameSilo, LLC",104.21.17.189,1,0,"(37.751, -97.822)","Kansas, United States",2022-02-17,22:44:32,https://pbs.twimg.com/media/FL3BhDqX0AAJlkr.jpg,
118,1494563302034534403,https://yolpc.com,"NameSilo, LLC",155.94.135.85,0,0,"(34.0494, -118.2641)","Los Angeles, United States",2022-02-17,22:43:53,https://pbs.twimg.com/media/FL3BZxeaUAIsc18.png,
119,1494563170287222784,https://nijiudhs.cioxuca.xyz,"NameSilo, LLC",205.185.114.150,1,0,"(37.3387, -121.8914)","San Jose, United States",2022-02-17,22:43:22,https://pbs.twimg.com/media/FL3BSFjaAAUiQhs.jpg,
120,1494562969555898374,https://yahqp.com,"NameSilo, LLC",155.94.135.85,0,0,"(34.0494, -118.2641)","Los Angeles, United States",2022-02-17,22:42:34,https://pbs.twimg.com/media/FL3BGacaIAISwXy.png,
121,1494564991994941449,http://tboz31.org/temp/ark%20shit/permissions.old/permissions.dll,IONOS SE,97.102.75.77,1,0,"(28.0313, -80.5995)","Palm Bay, United States",2022-02-17,22:50:36,,
122,1494564990921199647,http://amzillawns.top/xeno.txt,"NameSilo, LLC",93.157.62.165,0,0,"(55.7386, 37.6068)","Москва, Россия",2022-02-17,22:50:36,,
123,1494564674578403333,http://tboz31.org/temp/ark%20shit/permissions.new/permissions.dll,IONOS SE,97.102.75.77,1,0,"(28.0313, -80.5995)","Palm Bay, United States",2022-02-17,22:49:20,,
124,1494564005842767885,http://tboz31.org/windows10/tbo%20-%20windows%2010%20optimization.zip,IONOS SE,97.102.75.77,999,0,"(28.0313, -80.5995)","Palm Bay, United States",2022-02-17,22:46:41,,
125,1494565961395064850,http://tboz31.org/windows10/tbo%20-%20windows%2010%20optimization/windows%207%20calculator%20for%20windows%2010/oldcalcwin10_%5bwinaero.com%5d_707.zip,IONOS SE,97.102.75.77,1,0,"(28.0313, -80.5995)","Palm Bay, United States",2022-02-17,22:54:27,https://pbs.twimg.com/media/FL3D0J0X0BsCoxC.png,
126,1494565906319659018,http://zhonghangjx.top/o.php,"NameSilo,LLC",93.157.62.165,1,0,"(55.7386, 37.6068)","Москва, Россия",2022-02-17,22:54:14,https://pbs.twimg.com/media/FL3DwWnXsAEsACg.jpg,
127,1494566960771878916,https://connect.codigodebarra.co/report?r=dj1inji0owfintviodvhmdixzmrjzczjawq9mjyy,"GoDaddy.com, LLC",79.142.69.148,1,0,"(47.4084, 8.4651)","Zürich, Schweiz/Suisse/Svizzera/Svizra",2022-02-17,22:58:25,https://pbs.twimg.com/media/FL3ElOyX0AkkIxq.png,
128,1494565883532005403,http://tboz31.org/windows10/tbo%20-%20windows%2010%20optimization/windows%207%20calculator%20for%20windows%2010/old%20calculator%20for%20windows%2010.exe,IONOS SE,97.102.75.77,1,0,"(28.0313, -80.5995)","Palm Bay, United States",2022-02-17,22:54:08,https://pbs.twimg.com/media/FL3DvnmX0CcDEhg.png,
129,1494565835792437269,http://zhonghangjx.top/iframe.html,"NameSilo, LLC",93.157.62.165,1,0,"(55.7386, 37.6068)","Москва, Россия",2022-02-17,22:53:57,https://pbs.twimg.com/media/FL3DsXSX0CUgtuJ.jpg,
130,1494565762018824206,http://tboz31.org/windows10/tbo%20-%20windows%2010%20optimization/tools/psexec.exe,IONOS SE,97.102.75.77,1,0,"(28.0313, -80.5995)","Palm Bay, United States",2022-02-17,22:53:40,https://pbs.twimg.com/media/FL3DojYX0B0HYy2.png,
131,1494565741059887113,http://zhonghangjx.top/auth.php,"NameSilo, LLC",93.157.62.165,1,3,"(55.7386, 37.6068)","Москва, Россия",2022-02-17,22:53:35,https://pbs.twimg.com/media/FL3DnSAX0CQj3sw.jpg,
132,1494565720532963334,http://tboz31.org/windows10/tbo%20-%20windows%2010%20optimization/spybotantibeaconportable/antibeaconloaderportable.exe,IONOS SE,97.102.75.77,1,0,"(28.0313, -80.5995)","Palm Bay, United States",2022-02-17,22:53:30,https://pbs.twimg.com/media/FL3DmHTX0AYgq8w.png,
133,1494565627780124695,http://tboz31.org/windows10/tbo%20-%20windows%2010%20optimization/open-shell/openshellsetup_4_4_169.exe,IONOS SE,97.102.75.77,1,0,"(28.0313, -80.5995)","Palm Bay, United States",2022-02-17,22:53:08,https://pbs.twimg.com/media/FL3DgrMX0EMrDnx.png,
134,1494571747789529093,https://auone-jp.iborewp.cn/,阿里云计算有限公司（万网）,155.94.169.54,1,0,"(34.0494, -118.2641)","Los Angeles, United States",2022-02-17,23:17:27,https://pbs.twimg.com/media/FL3JAiCVkAATI2K.jpg,
135,1494570174317744131,https://yahpc.com,"NameSilo, LLC",155.94.135.85,0,14,"(34.0494, -118.2641)","Los Angeles, United States",2022-02-17,23:11:11,https://pbs.twimg.com/media/FL3HpxJaIAIqgf0.png,
136,1494565615520174083,http://zhonghangjx.top/xeno.txt,"NameSilo, LLC",93.157.62.165,0,0,"(55.7386, 37.6068)","Москва, Россия",2022-02-17,22:53:05,https://pbs.twimg.com/media/FL3CxE1WUAAm66U.png,
137,1494565542799331331,http://tboz31.org/temp/ark%20shit/permissions16.good/permissions.dll,IONOS SE,97.102.75.77,1,0,"(28.0313, -80.5995)","Palm Bay, United States",2022-02-17,22:52:47,https://pbs.twimg.com/media/FL3Db0bX0AQmaAB.png,
138,1494565529155260432,http://amzillawns.top/k.php,"NameSilo, LLC",93.157.62.165,1,3,"(55.7386, 37.6068)","Москва, Россия",2022-02-17,22:52:44,https://pbs.twimg.com/media/FL3DaXBX0B0JkgJ.jpg,
139,1494565458523181071,http://amzillawns.top/iframe.html,"NameSilo, LLC",93.157.62.165,1,0,"(55.7386, 37.6068)","Москва, Россия",2022-02-17,22:52:27,https://pbs.twimg.com/media/FL3DWWVX0AsMSI8.jpg,
140,1494565355708104704,http://amzillawns.top/auth.php,"NameSilo, LLC",93.157.62.165,1,3,"(55.7386, 37.6068)","Москва, Россия",2022-02-17,22:52:03,https://pbs.twimg.com/media/FL3DQVqX0BIJvLQ.jpg,
141,1494565346522681353,http://tboz31.org/temp/ark%20shit/permissions/permissions.dll,IONOS SE,97.102.75.77,1,0,"(28.0313, -80.5995)","Palm Bay, United States",2022-02-17,22:52:00,https://pbs.twimg.com/media/FL3DPe3X0DEflsX.png,
142,1494572304856383488,https://bit.ly/docomoonline,Libyan Spider Network (int),67.199.248.10,0,0,"(37.751, -97.822)","Kansas, United States",2022-02-17,23:19:39,https://pbs.twimg.com/media/FL3I0phaIAAVjMh.jpg,
143,1494576007822688256,https://nommable.top/w.php,"NameSilo, LLC",93.157.62.165,1,0,"(55.7386, 37.6068)","Москва, Россия",2022-02-17,23:34:22,https://pbs.twimg.com/media/FL3M9BaXwAABrk0.jpg,
144,1494575963203682305,https://nommable.top/iframe.html,"NameSilo, LLC",93.157.62.165,1,0,"(55.7386, 37.6068)","Москва, Россия",2022-02-17,23:34:12,https://pbs.twimg.com/media/FL3M6L0XMA8cBYp.png,
145,1494575857213583372,https://nommable.top/auth.php,"NameSilo, LLC",93.157.62.165,1,0,"(55.7386, 37.6068)","Москва, Россия",2022-02-17,23:33:46,https://pbs.twimg.com/media/FL3M0O8WUAADE1m.jpg,
146,1494575571757641728,https://nommable.top/xeno.txt,"NameSilo, LLC",93.157.62.165,0,0,"(55.7386, 37.6068)","Москва, Россия",2022-02-17,23:32:38,https://pbs.twimg.com/media/FL3MjjVXMA4Mlla.png,
147,1494576649941172224,http://infininet.top/xeno.txt,"NameSilo, LLC",93.157.62.165,0,0,"(55.7386, 37.6068)","Москва, Россия",2022-02-17,23:36:55,https://pbs.twimg.com/media/FL3NbdsXMAgJAUj.png,
148,1494585224306761728,https://yohpo.com,"NameSilo, LLC",155.94.135.85,0,0,"(34.0494, -118.2641)","Los Angeles, United States",2022-02-18,00:11:00,https://pbs.twimg.com/media/FL3VVyxaUAMzEpZ.png,
149,1494588519397818369,https://auone-jp.hozzati.cn/,阿里云计算有限公司（万网）,155.94.169.54,1,0,"(34.0494, -118.2641)","Los Angeles, United States",2022-02-18,00:24:05,https://pbs.twimg.com/media/FL3YUKWUcAExt7J.jpg,
150,1494600539773943808,https://jreast.co.jp.hlaeow.com,ERANET INTERNATIONAL LIMITED,104.129.5.187,0,0,"(34.0494, -118.2641)","Los Angeles, United States",2022-02-18,01:11:51,https://pbs.twimg.com/media/FL3jRTfVkAAhvaR.jpg,
151,1494600451051954199,https://altumcloud.net/zscripts/upgrade.zip,NAMECHEAP INC,161.97.113.193,1,0,"(39.9914, -105.2392)","Boulder, United States",2022-02-18,01:11:30,https://pbs.twimg.com/media/FL3jL2MXIAg4kIB.jpg,
152,1494600269061050375,https://altumcloud.net/zscripts/tokenbox-v1.0.zip,NAMECHEAP INC,161.97.113.193,999,0,"(39.9914, -105.2392)","Boulder, United States",2022-02-18,01:10:47,https://pbs.twimg.com/media/FL3jBa1XMAIv7Bc.jpg,
153,1494599289913638913,https://kucoin.rocks,"GoDaddy.com, LLC",47.243.74.17,1,0,"(37.5507, -122.3276)","San Mateo, United States",2022-02-18,01:06:53,https://pbs.twimg.com/media/FL3iFMNaQAAGxRd.jpg,
154,1494597193042661379,https://mexcwd.vip,Private,161.117.177.77,1,0,"(1.2931, 103.8558)","Singapore, Singapore",2022-02-18,00:58:33,https://pbs.twimg.com/media/FL3gNa8aAAUDO1k.jpg,
155,1494595454201475076,https://chairmoleldiplomatonline.xyz/cman.zip,NAMECHEAP INC,198.54.126.121,999,0,"(34.0353, -118.4259)","Los Angeles, United States",2022-02-18,00:51:39,https://pbs.twimg.com/media/FL3enhCWQAMkR-8.jpg,
156,1494593622108475393,https://kuzoin.site/,Private,104.21.14.54,1,0,"(37.751, -97.822)","Kansas, United States",2022-02-18,00:44:22,https://pbs.twimg.com/media/FL3cr2BXEAAym8-.jpg,
157,1494604484688945164,http://herohelmetco.top,"NameSilo, LLC",172.67.162.232,1,0,"(37.751, -97.822)","Kansas, United States",2022-02-18,01:27:32,https://pbs.twimg.com/media/FL3maMtX0AA_BA8.png,
158,1494592894463795201,http://wow23.top,Alibaba Cloud Computing Ltd. d/b/a HiChina (www.net.cn),47.99.195.215,1,0,"(34.7725, 113.7266)","郑州市, 中国",2022-02-18,00:41:28,,
159,1494605382253432833,https://smbc.beauty/,Private,172.67.212.228,1,0,"(37.751, -97.822)","Kansas, United States",2022-02-18,01:31:06,https://pbs.twimg.com/media/FL3nIWfaIAE2AYm.jpg,
160,1494590373448273927,https://www.ethwalletconnect.com/,"GoDaddy.com, LLC",103.231.166.86,1,0,"(22.25, 114.1667)","香港島 Hong Kong Island, 中国",2022-02-18,00:31:27,https://pbs.twimg.com/media/FL3Z329aAAEJdZp.jpg,
161,1494609280401428486,https://auone-jp.hmemqbd.cn/,阿里云计算有限公司（万网）,155.94.169.54,1,0,"(34.0494, -118.2641)","Los Angeles, United States",2022-02-18,01:46:35,https://pbs.twimg.com/media/FL3rHg4VcAAJDZ3.jpg,
162,1494606082404093952,http://foxnetwork.app,"GoDaddy.com, LLC",50.87.195.157,0,0,"(40.2347, -111.6447)","Provo, United States",2022-02-18,01:33:53,,
163,1494611336420290560,https://www.onamae5.cn,阿里云计算有限公司（万网）,115.144.69.115,1,2,"(37.5112, 126.97409999999999)","서울, 대한민국",2022-02-18,01:54:45,https://pbs.twimg.com/media/FL3tFfIaUAEwQH2.jpg,
165,1494615347730661376,https://onamae5.cn,阿里云计算有限公司（万网）,115.144.69.115,1,2,"(37.5112, 126.97409999999999)","서울, 대한민국",2022-02-18,02:10:42,https://pbs.twimg.com/media/FL3wvOOUYAIcl_z.jpg,
167,1494721595465617409,https://www.dah5sj0fgu.top,Alibaba Cloud Computing Ltd. d/b/a HiChina (www.net.cn),137.220.234.182,1,0,"(33.5446, -86.9292)","Birmingham, United States",2022-02-18,09:12:53,https://pbs.twimg.com/media/FL5RXqhVgAA0BaO.jpg,
168,1494719779994808331,https://xl5159.com,"GoDaddy.com, LLC",23.225.156.205,1,0,"(34.0494, -118.2641)","Los Angeles, United States",2022-02-18,09:05:40,https://pbs.twimg.com/media/FL5Pi8OXoAUhIg8.jpg,
169,1494718843297611778,https://leboncoinpaiemententreprise.fr/,Name.com LLC,185.66.140.175,0,0,"(52.3824, 4.8995)","Amsterdam, Nederland",2022-02-18,09:01:57,,
171,1494718039660449793,https://wdpis.com/deleteme.ssod9e6dfe064c847dc88bb34df516f37aa.php,FastDomain Inc.,144.48.143.158,0,0,"(22.25, 114.1667)","香港島 Hong Kong Island, 中国",2022-02-18,08:58:45,,
172,1494724467947446288,http://depoviaxl.com,"GoDaddy.com, LLC",151.139.128.10,1,0,"(32.7904, -96.8044)","Dallas, United States",2022-02-18,09:24:18,,
173,1494724229522239492,http://authentificate-secure.com,"GoDaddy.com, LLC",92.205.14.6,0,0,"(51.217, 6.8254)","Düsseldorf, Deutschland",2022-02-18,09:23:21,,
174,1494724148811251714,http://billing-update660.com/o2/,"NameSilo, LLC",87.251.79.78,0,0,"(55.7386, 37.6068)","Москва, Россия",2022-02-18,09:23:02,,
175,1494722963366633477,http://bdbet247.com,"OwnRegistrar, Inc.",63.250.32.236,1,0,"(37.751, -97.822)","Kansas, United States",2022-02-18,09:18:19,,
177,1494718474903564290,http://latrungapp.com/athien/policy.php,DYNADOT LLC,172.96.185.190,0,0,"(43.7001, -80.3664)","Centre Wellington, Canada",2022-02-18,09:00:29,,
178,1494717962858598401,http://thuexemangden.com,DYNADOT LLC,68.68.98.160,1,0,"(37.3387, -121.8914)","San Jose, United States",2022-02-18,08:58:27,,
179,1494723868451344390,https://proximcheck.com,"OVH, SAS",62.4.18.80,1,0,"(48.8582, 2.3387000000000002)","Île-de-France, France",2022-02-18,09:21:55,,
180,1494723536027537410,https://dogexmining.com/script.zip,Atak Domain,185.16.238.12,0,0,"(41.0214, 28.9948)",", Türkiye",2022-02-18,09:20:36,https://pbs.twimg.com/media/FL5S_kaXIAsEVYI.png,
181,1494717944298889216,https://uk-tax-refund661.com/gov/,"NameSilo, LLC",87.251.79.78,0,4,"(55.7386, 37.6068)","Москва, Россия",2022-02-18,08:58:23,,
182,1494717233465077764,https://uk-tax-refund660.com/gov/,"NameSilo, LLC",87.251.79.78,0,8,"(55.7386, 37.6068)","Москва, Россия",2022-02-18,08:55:33,,
183,1494716730870009862,https://unusual-aib-activity.com/alert.php,1API GmbH,35.246.214.97,0,0,"(37.4056, -122.0775)","Mountain View, United States",2022-02-18,08:53:33,,
184,1494715261525663745,http://sanjosecoder.com,FastDomain Inc.,50.87.248.14,0,0,"(40.2347, -111.6447)","Provo, United States",2022-02-18,08:47:43,,
185,1494714809463586821,http://ipindepodana.com,"GoDaddy.com, LLC",151.139.128.10,1,0,"(32.7904, -96.8044)","Dallas, United States",2022-02-18,08:45:55,,
186,1494712109883662343,http://postuk-track-mypost.com/book.php?session=2rll0jin15gtnjflwmsbhmtowbqguaf9qiyepyydhpxgfeq0wmbl4h3lbbw4bafxyefustnubkqzuo9i,1API GmbH,176.57.208.29,0,0,"(55.7386, 37.6068)","Москва, Россия",2022-02-18,08:35:12,https://pbs.twimg.com/media/FL5IvOKWUAA9Vah.png,
187,1494712078107660289,http://postuk-track-mypost.com/,1API GmbH,176.57.208.29,0,8,"(55.7386, 37.6068)","Москва, Россия",2022-02-18,08:35:04,https://pbs.twimg.com/media/FL5ItSHXoAMjOA3.png,
188,1494711545615597579,http://col-srvy.com,"GoDaddy.com, LLC",207.243.107.132,1,0,"(37.751, -97.822)","Kansas, United States",2022-02-18,08:32:57,,
189,1494726320529489927,https://softtema.com/soft/avukat.php,PDR Ltd. d/b/a PublicDomainRegistry.com,193.163.88.24,0,0,"(55.7123, 12.0564)","Region Hovedstaden, Danmark",2022-02-18,09:31:40,,
190,1494714807899267077,https://wdpis.com/deleteme.sso91f4ec60c3e344e69517e69b05079a00.php,FastDomain Inc.,144.48.143.158,0,0,"(22.25, 114.1667)","香港島 Hong Kong Island, 中国",2022-02-18,08:45:55,,
191,1494728975712722948,http://glamyourselves.com/upload/index.php?route=information/contact,PDR Ltd. d/b/a PublicDomainRegistry.com,31.22.4.112,0,0,"(54.9881, -1.6194)","Newcastle upon Tyne, United Kingdom",2022-02-18,09:42:13,,
192,1494727306962685991,http://proyayincilar.com,Nics Telekomunikasyon A.S.,94.73.147.113,1,0,"(41.0214, 28.9948)",", Türkiye",2022-02-18,09:35:35,,
193,1494711236340203529,http://carte-vitaleinfo.com,"GoDaddy.com, LLC",179.43.175.156,1,0,"(47.3667, 8.55)","Zürich, Schweiz/Suisse/Svizzera/Svizra",2022-02-18,08:31:43,https://pbs.twimg.com/media/FL5HzCiXMAghkZK.png,
194,1494710788598157316,http://carte-vitale-assistance.com,"GoDaddy.com, LLC",52.186.22.37,0,0,"(38.7078, -78.1566)","Virginia, United States",2022-02-18,08:29:57,https://pbs.twimg.com/media/FL5HanQXIAwu5Sj.png,
196,1494714623496441858,https://unusual-aib-activity.com/,1API GmbH,35.246.214.97,1,2,"(37.4056, -122.0775)","Mountain View, United States",2022-02-18,08:45:11,,
197,1494713135994859521,https://www.rakuten-bank.co.jp.z8bsax.cn,阿里云计算有限公司（万网）,66.154.107.59,1,0,"(25.7806, -80.1826)","Miami, United States",2022-02-18,08:39:16,https://pbs.twimg.com/media/FL5JrLJaQAIql0Z.jpg,
198,1494712933825531905,https://www.rakuten-bank.co.jp.eun9iie.cn,阿里云计算有限公司（万网）,66.154.107.59,1,0,"(25.7806, -80.1826)","Miami, United States",2022-02-18,08:38:28,https://pbs.twimg.com/media/FL5JfZoaUAMmweg.jpg,
199,1494711529241030671,https://amazon-configuration.com,Google LLC,185.248.33.120,1,0,"(33, 44)","محافظة الأنبار, العراق",2022-02-18,08:32:53,https://pbs.twimg.com/media/FL5IM6_XMAE0h_K.png,
200,1494710371281784836,http://monelfix.com,"GoDaddy.com, LLC",188.166.150.216,1,0,"(51.5353, -0.6658)","England, United Kingdom",2022-02-18,08:28:17,,
203,1494732991410622468,https://e4-citi.com/index%20(2).php,"GoDaddy.com, LLC",34.102.136.180,0,0,"(37.751, -97.822)","Kansas, United States",2022-02-18,09:58:10,https://pbs.twimg.com/media/FL5buiwXIAwfynj.png,
204,1494732349774479373,https://minskill.com,Hosting Concepts B.V. d/b/a Registrar.eu,172.67.156.47,1,0,"(37.751, -97.822)","Kansas, United States",2022-02-18,09:55:37,,
205,1494732945814441988,http://ipindepopulsa.com,"GoDaddy.com, LLC",151.139.128.10,1,0,"(32.7904, -96.8044)","Dallas, United States",2022-02-18,09:57:59,,
206,1494736248136957953,https://jreast.co.jp.hfjfy.com,ERANET INTERNATIONAL LIMITED,104.129.5.187,999,0,"(34.0494, -118.2641)","Los Angeles, United States",2022-02-18,10:11:07,https://pbs.twimg.com/media/FL5esi8aIAAdtFO.jpg,
207,1494738628618170374,https://flemenix.com,"GoDaddy.com, LLC",165.22.125.204,1,0,"(40.7185, -74.0025)","New York, United States",2022-02-18,10:20:34,,
208,1494737068626489346,https://ipcryptopay.com/php-promptpay-qr-master/tests/promptpaytest.php,"GMO INTERNET, INC.",163.44.198.52,0,0,"(13.7594, 100.4889)","กรุงเทพมหานคร, ประเทศไทย",2022-02-18,10:14:22,https://pbs.twimg.com/media/FL5fSVCXIAU25Rd.png,
209,1494740269681549318,http://ameli-auth-info.com,"GoDaddy.com, LLC",20.111.36.30,0,0,"(37.751, -97.822)","Kansas, United States",2022-02-18,10:27:05,https://pbs.twimg.com/media/FL5iWVPXoAAw_pu.png,
211,1494741498612654088,https://iceeproducts.xyz/chfiles/adminpage.php,PDR Ltd. d/b/a PublicDomainRegistry.com,172.67.140.117,0,0,"(37.751, -97.822)","Kansas, United States",2022-02-18,10:31:58,https://pbs.twimg.com/media/FL5jUAiWYAYRDJX.png,
212,1494741418660794368,https://connection-sever983.publicvm.com/mt/?wlc=wlc,"Netdorm, Inc. dba DNSExit.com",153.92.1.133,1,0,"(37.751, -97.822)","Kansas, United States",2022-02-18,10:31:39,,
213,1494740864631029763,https://iceeproducts.xyz/cheat-om.exe,PDR Ltd. d/b/a PublicDomainRegistry.com,104.21.87.35,1,0,"(37.751, -97.822)","Kansas, United States",2022-02-18,10:29:27,https://pbs.twimg.com/media/FL5iwvSX0AQrDXE.jpg,
214,1494740211720495108,https://sykoirex.com,"GoDaddy.com, LLC",165.22.125.204,1,0,"(40.7185, -74.0025)","New York, United States",2022-02-18,10:26:52,https://pbs.twimg.com/media/FL5iR29WUAEvgPP.png,
215,1494740964107300872,http://wmtb.online/,NAMECHEAP INC,192.64.119.248,1,0,"(34.0353, -118.4259)","Los Angeles, United States",2022-02-18,10:29:51,,
217,1494742761744080898,https://www3.mtb.com/,"CSC CORPORATE DOMAINS, INC.",65.8.228.97,1,0,"(47.5413, -122.3129)","Seattle, United States",2022-02-18,10:37:00,,
219,1494747765502619650,http://swpadaqsspeed.com/,NAMECHEAP INC,66.29.141.228,1,0,"(37.751, -97.822)","Kansas, United States",2022-02-18,10:56:53,,
220,1494749662456209409,http://georgmail.com/t123.exe,PDR Ltd. d/b/a PublicDomainRegistry.com,172.67.174.183,1,0,"(37.751, -97.822)","Kansas, United States",2022-02-18,11:04:25,https://pbs.twimg.com/media/FL5q2BWX0Ag9H-R.jpg,
221,1494751069905485824,https://www.msocori.top,Alibaba.com Singapore E-Commerce Private Limited,23.94.174.173,1,0,"(42.8864, -78.8781)","Buffalo, United States",2022-02-18,11:10:00,https://pbs.twimg.com/media/FL5sLTWakAEDJME.jpg,
222,1494750783518089216,https://www.mesoari.top,Alibaba.com Singapore E-Commerce Private Limited,23.94.174.173,1,0,"(42.8864, -78.8781)","Buffalo, United States",2022-02-18,11:08:52,https://pbs.twimg.com/media/FL5r6n9VgAEEFJN.jpg,
223,1494758791430217747,https://leboncoinpaiemententreprise.fr/livraison/,Private,185.66.140.175,0,0,"(52.3824, 4.8995)","Amsterdam, Nederland",2022-02-18,11:40:41,,
224,1494758176763555841,https://www.mesocri.top,Alibaba.com Singapore E-Commerce Private Limited,23.94.174.173,1,0,"(42.8864, -78.8781)","Buffalo, United States",2022-02-18,11:38:15,https://pbs.twimg.com/media/FL5yo-WaIAA4x7P.jpg,
225,1494750653075582976,https://www.msoceri.top,Alibaba.com Singapore E-Commerce Private Limited,23.94.174.173,1,0,"(42.8864, -78.8781)","Buffalo, United States",2022-02-18,11:08:21,https://pbs.twimg.com/media/FL5rzCpaAAAjejJ.jpg,
226,1494765928982138880,https://visline.imaggo-work.pl/impots.gouv.fr/cfspart.impots.gouv.fr/loginaccess-ahr0chm6ly9jznnwyxj0lmltcg90cy5nb3v2lmzylw/gouv-fr/ynwvmztm=/,dhosting.pl Sp. z o.o.,109.95.158.106,0,0,"(52.25, 21)","Warszawa, Polska",2022-02-18,12:09:03,https://pbs.twimg.com/media/FL55sLUXIAkTjgm.jpg,
227,1494767951920173056,https://offlce365-l0gin.info/_wildcard_/cgi-bin/,GRANSY S.R.O D/B/A SUBREG.CZ,176.114.9.20,1,0,"(50.4333, 30.5167)","Київ, Україна",2022-02-18,12:17:05,https://pbs.twimg.com/media/FL57hqiX0AAWrku.png,
228,1494767925185720322,https://offlce365-l0gin.info/v4.zip,GRANSY S.R.O D/B/A SUBREG.CZ,176.114.9.20,1,0,"(50.4333, 30.5167)","Київ, Україна",2022-02-18,12:16:59,https://pbs.twimg.com/media/FL57gAQWYAEE7xW.png,
229,1494767899650756608,https://offlce365-l0gin.info/_wildcard_/,GRANSY S.R.O D/B/A SUBREG.CZ,176.114.9.20,1,0,"(50.4333, 30.5167)","Київ, Україна",2022-02-18,12:16:53,https://pbs.twimg.com/media/FL57ePcXwAAcoab.png,
230,1494767852150304774,https://offlce365-l0gin.info/,GRANSY S.R.O D/B/A SUBREG.CZ,176.114.9.20,1,0,"(50.4333, 30.5167)","Київ, Україна",2022-02-18,12:16:42,https://pbs.twimg.com/media/FL57bXTWYAY9zSk.png,
231,1494770054994735104,http://nouvelle-carte.com,"GoDaddy.com, LLC",20.111.25.9,1,0,"(37.751, -97.822)","Kansas, United States",2022-02-18,12:25:27,,
232,1494772710953857024,https://twitterhelps-report.com/,"GoDaddy.com, LLC",104.45.216.52,1,0,"(37.3388, -121.8914)","San Jose, United States",2022-02-18,12:36:00,,instagram
235,1494773949577707525,https://www.mesoecri.com,WEBCC,23.94.174.173,1,0,"(42.8864, -78.8781)","Buffalo, United States",2022-02-18,12:40:55,https://pbs.twimg.com/media/FL6A_CraUAATxC6.jpg,
236,1494773928862142465,https://pcr-test-kit.info/,Porkbun LLC,44.227.238.106,1,0,"(37.751, -97.822)","Kansas, United States",2022-02-18,12:40:50,,
238,1494779585854152715,http://aib-secureportal.com/,1API GmbH,35.246.214.97,1,1,"(37.4056, -122.0775)","Mountain View, United States",2022-02-18,13:03:19,,
239,1494789374885732354,https://georgmail.com/t123.exe,PDR Ltd. d/b/a PublicDomainRegistry.com,104.21.80.59,1,0,"(37.751, -97.822)","Kansas, United States",2022-02-18,13:42:13,,
241,1494779874019405827,https://consultedigitalapp.com,"GoDaddy.com, LLC",172.67.158.43,1,5,"(37.751, -97.822)","Kansas, United States",2022-02-18,13:04:28,,
242,1494780796971925506,http://aib-secureportal.com/alert.php,1API GmbH,35.246.214.97,0,0,"(37.4056, -122.0775)","Mountain View, United States",2022-02-18,13:08:08,,
243,1494791914977120261,https://aib-secureportal.com/,1API GmbH,35.246.214.97,1,0,"(37.4056, -122.0775)","Mountain View, United States",2022-02-18,13:52:19,,
244,1494792520655638529,http://www.thedoor.org.uk/dead.php,123-Reg Limited t/a 123-reg [Tag = 123-REG],66.33.208.240,1,0,"(33.9291, -117.8845)","California, United States",2022-02-18,13:54:43,,
245,1494794220430888965,https://global-accountax.co.uk/hacked-by-fx106/,123-Reg Limited t/a 123-reg [Tag = 123-REG],46.255.73.43,1,0,"(51.4964, -0.1224)","London, United Kingdom",2022-02-18,14:01:28,,
246,1494793475086340097,https://insideleadership.co.uk/blog/,123-Reg Limited t/a 123-reg [Tag = 123-REG],85.233.160.185,1,0,"(51.4964, -0.1224)","London, United Kingdom",2022-02-18,13:58:31,https://pbs.twimg.com/media/FL6SLnsXwAspb45.jpg,
247,1494795976179130375,http://www.greencalderdale.org.uk/news/kakapolater-html/,Paragon Internet Group Ltd t/a Tsohost [Tag = UKWEBHOSTING],185.119.173.154,1,0,"(51.4964, -0.1224)","London, United Kingdom",2022-02-18,14:08:27,,
248,1494795627108122629,http://cfidirve.com/access.php,NAMECHEAP INC,23.29.117.114,0,0,"(30.3093, -97.7242)","Austin, United States",2022-02-18,14:07:04,,
249,1494793840603156483,http://batsarb.co.uk/rx.html,Heart Internet Ltd t/a eXtend [Tag = EXTEND],88.208.252.143,1,0,"(51.4964, -0.1224)","London, United Kingdom",2022-02-18,13:59:58,,
250,1494796893918048262,https://www.avsrsa.com/i-htm/,"ENOM, INC.",104.21.3.201,0,0,"(37.751, -97.822)","Kansas, United States",2022-02-18,14:12:06,,
251,1494796324071518212,https://www.firstcallfireandsafety.co.uk/i-htm/,Paragon Internet Group Ltd t/a Tsohost [Tag = UKWEBHOSTING],172.67.137.180,0,0,"(37.751, -97.822)","Kansas, United States",2022-02-18,14:09:50,,
252,1494796173055774721,https://www.sfefyfye.com,"Netowl, Inc.",155.94.205.73,1,0,"(34.0494, -118.2641)","Los Angeles, United States",2022-02-18,14:09:14,https://pbs.twimg.com/media/FL6VMp6VUAMS3Es.jpg,
253,1494795996219740160,https://www.lifseufe.com,"Netowl, Inc.",155.94.205.73,1,0,"(34.0494, -118.2641)","Los Angeles, United States",2022-02-18,14:08:32,https://pbs.twimg.com/media/FL6VCW1akAALA2f.jpg,
254,1494795821170462721,https://www.njhdfhr.com,"Netowl, Inc.",155.94.205.73,1,0,"(34.0494, -118.2641)","Los Angeles, United States",2022-02-18,14:07:50,https://pbs.twimg.com/media/FL6U4KkaQAEZqiC.jpg,
255,1494797689787236358,http://cfidirve.com/index.php,NAMECHEAP INC,23.29.117.114,0,0,"(30.3093, -97.7242)","Austin, United States",2022-02-18,14:15:15,,
256,1494797351579435012,http://kellysluckyyou.com/i-htm/,DREAMHOST,173.236.144.113,1,0,"(33.9291, -117.8845)","California, United States",2022-02-18,14:13:55,,
257,1494796565608808450,http://advplprime.com,"GoDaddy.com, LLC",216.172.172.102,0,0,"(29.8324, -95.472)","Houston, United States",2022-02-18,14:10:47,,
258,1494799246289440768,https://rampinvestfx.com/,NAMECHEAP INC,198.187.29.28,1,0,"(34.0353, -118.4259)","Los Angeles, United States",2022-02-18,14:21:26,https://pbs.twimg.com/media/FL6X-y7WUAQ5dA1.jpg,
259,1494799241994194946,https://halletsrealcider.co.uk/category/uncategorized/,Ionos SE [Tag = 1AND1],217.160.0.36,1,0,"(51.2993, 9.491)","Kassel, Deutschland",2022-02-18,14:21:25,,
260,1494800806633222144,http://www.sjefvanrooij.nl/hallo-wereld/,Registrar.eu,149.210.187.21,1,0,"(52.3824, 4.8995)","Amsterdam, Nederland",2022-02-18,14:27:39,,
261,1494800133678055424,http://www.pazarcikhavadis.com/i-htm-2/,Isimtescil Bilisim A.S.,93.89.224.169,1,0,"(35, 33)","Νότια Κύπρος, Κύπρος - Kıbrıs",2022-02-18,14:24:58,,
262,1494801595912966145,https://www.anorakzone.com/lol.htm,Easyspace Ltd.,104.21.24.239,1,0,"(37.751, -97.822)","Kansas, United States",2022-02-18,14:30:47,,
263,1494801610564063233,http://cantanglonfes.com,"GoDaddy.com, LLC",40.75.116.102,1,2,"(36.6544, -78.3752)","Virginia, United States",2022-02-18,14:30:50,,
264,1494803687897657347,https://www.oiserfe.com,"Netowl, Inc.",155.94.205.73,1,0,"(34.0494, -118.2641)","Los Angeles, United States",2022-02-18,14:39:05,https://pbs.twimg.com/media/FL6cCE8aAAINeQ1.jpg,
265,1494803507547086848,https://www.mfsejfy.com,"Netowl, Inc.",155.94.205.73,1,0,"(34.0494, -118.2641)","Los Angeles, United States",2022-02-18,14:38:22,https://pbs.twimg.com/media/FL6b3k-VcAALcBX.jpg,
266,1494803234682290184,https://regencyforest.info/by-htm/,"GoDaddy.com, LLC",192.185.157.78,0,0,"(29.8324, -95.472)","Houston, United States",2022-02-18,14:37:17,,
267,1494804124432580610,http://www.ecighub.co.uk/by-htm/,Namesco Limited [Tag = NAMESCO],143.95.240.12,0,2,"(34.0494, -118.2641)","Los Angeles, United States",2022-02-18,14:40:50,,
268,1494806918866833408,https://www.myjaseosb.top/,Alibaba.com Singapore E-Commerce Private Limited,192.227.228.13,1,0,"(42.8864, -78.8781)","Buffalo, United States",2022-02-18,14:51:56,https://pbs.twimg.com/media/FL6e8QiaAAAxDiN.png,
269,1494806802541985792,https://www.myjesoenb.com/,WEBCC,192.227.228.13,1,0,"(42.8864, -78.8781)","Buffalo, United States",2022-02-18,14:51:28,https://pbs.twimg.com/media/FL6exlAagAEGvbw.png,
270,1494811024700030977,https://www.ufsyefy.com,"Netowl, Inc.",155.94.205.73,1,0,"(34.0494, -118.2641)","Los Angeles, United States",2022-02-18,15:08:15,https://pbs.twimg.com/media/FL6itJOUYAQoXlG.jpg,
271,1494831772873412609,http://lpd-medina.com/fact/core/js/lib_head.js.php?lang=en_us&amp;layout=classic&amp;version=14.0.5,ONLINE SAS,109.234.160.118,1,0,"(48.8582, 2.3387000000000002)","Île-de-France, France",2022-02-18,16:30:41,https://pbs.twimg.com/media/FL61fRaXEAMrXza.png,
272,1494831191022874627,http://lpd-medina.com/fact/theme/eldy/style.css.php?lang=en_us&amp;theme=eldy&amp;userid=0&amp;entity=1&amp;layout=classic&amp;version=14.0.5&amp;revision=0,ONLINE SAS,109.234.160.118,0,0,"(48.8582, 2.3387000000000002)","Île-de-France, France",2022-02-18,16:28:23,https://pbs.twimg.com/media/FL60wbnWUAgT6M6.png,
273,1494834225438199815,https://bsklit.com/u_teacher.php,WEBCC,110.4.45.79,0,0,"(2.5, 112.5)","Sarawak, Malaysia",2022-02-18,16:40:26,https://pbs.twimg.com/media/FL63xMLXEAIhMUq.png,
274,1494834084652240896,https://bsklit.com/postarticle.php,WEBCC,110.4.45.79,0,0,"(2.5, 112.5)","Sarawak, Malaysia",2022-02-18,16:39:53,,
275,1494833278125281280,https://bsklit.com/home.php,WEBCC,110.4.45.79,0,0,"(2.5, 112.5)","Sarawak, Malaysia",2022-02-18,16:36:40,https://pbs.twimg.com/media/FL627PMXEAIaQBi.png,
276,1494833200052506626,https://moncompteameli.com,1API GmbH,62.4.13.101,1,0,"(48.8582, 2.3387000000000002)","Île-de-France, France",2022-02-18,16:36:22,,
277,1494832878521303044,https://bsklit.com/displaytest.php,WEBCC,110.4.45.79,0,0,"(2.5, 112.5)","Sarawak, Malaysia",2022-02-18,16:35:05,,
278,1494832552263180297,https://bsklit.com/theproject/db.php,WEBCC,110.4.45.79,0,0,"(2.5, 112.5)","Sarawak, Malaysia",2022-02-18,16:33:47,,
279,1494832239057723393,https://bsklit.com/display.php,WEBCC,110.4.45.79,0,0,"(2.5, 112.5)","Sarawak, Malaysia",2022-02-18,16:32:33,,
280,1494832114545704961,https://bsklit.com/theproject/display.php,WEBCC,110.4.45.79,0,0,"(2.5, 112.5)","Sarawak, Malaysia",2022-02-18,16:32:03,https://pbs.twimg.com/media/FL610STXwAEKjz3.png,
281,1494831432753102853,https://bsklit.com/creation.php,WEBCC,110.4.45.79,0,0,"(2.5, 112.5)","Sarawak, Malaysia",2022-02-18,16:29:20,https://pbs.twimg.com/media/FL61DgFX0AMF-Ec.png,
282,1494826329379938308,https://visline.imaggo-work.pl/impots.gouv.fr/cfspart.impots.gouv.fr/loginaccess-ahr0chm6ly9jznnwyxj0lmltcg90cy5nb3v2lmzylw/gouv-fr/5zddmnte=/,dhosting.pl Sp. z o.o.,109.95.158.106,0,0,"(52.25, 21)","Warszawa, Polska",2022-02-18,16:09:04,https://pbs.twimg.com/media/FL6wn3FWYAUIdio.jpg,
283,1494848176322498561,https://iptvcanada.biz,PDR Ltd. d/b/a PublicDomainRegistry.com,172.67.148.219,1,0,"(37.751, -97.822)","Kansas, United States",2022-02-18,17:35:52,,
284,1494851634282835968,http://projectdirects.org/,NAMECHEAP INC,68.65.123.46,1,0,"(34.0353, -118.4259)","Los Angeles, United States",2022-02-18,17:49:37,,
285,1494852915189714948,https://19fghdfhfg.xyz/jfghjfghkf/jdghfkfhk/358-0572%40nshrma_mnbvgjnb76hb.zip,NAMECHEAP INC,192.64.117.134,0,0,"(34.0353, -118.4259)","Los Angeles, United States",2022-02-18,17:54:42,,
286,1494852907543543811,https://16ghdfgjfgh.xyz/hkhjghjkgh/hjfghkghjk/358-0572%40nshrma_mnbvgjnb76hb.zip,NAMECHEAP INC,192.64.117.134,0,0,"(34.0353, -118.4259)","Los Angeles, United States",2022-02-18,17:54:40,,
287,1494852896231690241,https://18fghdfgfjgjh.shop/fghjdfghkfhjk/jghjfgjh/358-0572%40nshrma_mnbvgjnb76hb.zip,NAMECHEAP INC,192.64.117.134,0,0,"(34.0353, -118.4259)","Los Angeles, United States",2022-02-18,17:54:38,,
288,1494852651380531201,https://11fghfgjghj.xyz/ghdfghdgh/bdfgbdfgb/int%406319_18febj_mmnb76tgbn.zip,NAMECHEAP INC,192.64.117.134,0,0,"(34.0353, -118.4259)","Los Angeles, United States",2022-02-18,17:53:39,https://pbs.twimg.com/media/FL7IjA1XIAM3rkH.jpg,
289,1494855458011684874,https://dpanelserver.online,Namecheap,172.67.206.198,1,0,"(37.751, -97.822)","Kansas, United States",2022-02-18,18:04:48,,
290,1494855449505677313,https://4fdhdfjhfgjh.xyz/fgjdghjfgh/jhdghfgh/0573_jerryp_win_mac1.zip,NAMECHEAP INC,192.64.117.134,0,0,"(34.0353, -118.4259)","Los Angeles, United States",2022-02-18,18:04:46,https://pbs.twimg.com/media/FL7LBRcXIAMbEdu.jpg,
291,1494855289337700356,https://inattv31.xyz,"NameSilo, LLC",104.21.2.149,1,0,"(37.751, -97.822)","Kansas, United States",2022-02-18,18:04:08,https://pbs.twimg.com/media/FL7K7YYXIAQbZoD.jpg,
292,1494855486377713666,http://hourujd.org,"Wild West Domains, LLC",20.199.105.128,1,0,"(37.751, -97.822)","Kansas, United States",2022-02-18,18:04:55,https://pbs.twimg.com/media/FL7LFspXIAM-WTz.png,
293,1494854860583456775,http://accountretrieve.net,Hosting Concepts B.V. d/b/a Registrar.eu,104.41.156.210,1,0,"(38.7078, -78.1566)","Virginia, United States",2022-02-18,18:02:26,,
294,1494854816203513856,http://thepiratebay.community/frontend/models/contactform.php,"Epik, Inc.",185.150.117.206,0,0,"(56, 24)","Šiaulių apskritis, Lietuva",2022-02-18,18:02:15,https://pbs.twimg.com/media/FL7KhsmWUAkjndl.png,
295,1494854784989474817,http://thenewhome.xyz/wordpress-5.8.3-vi.zip,Mat Bao Corporation,165.22.61.59,1,0,"(40.7185, -74.0025)","New York, United States",2022-02-18,18:02:08,https://pbs.twimg.com/media/FL7KdvpXIAENGz2.png,
296,1494854631842881544,http://gestorfielpermiummxmx.xyz/total/,"GoDaddy.com, LLC",51.254.127.39,1,0,"(48.8582, 2.3387000000000002)","Île-de-France, France",2022-02-18,18:01:31,https://pbs.twimg.com/media/FL7KWCdWQAIZ1NZ.png,
298,1494856131944251392,https://kor-asset.net,"Name.com, Inc.",104.21.40.147,1,0,"(37.751, -97.822)","Kansas, United States",2022-02-18,18:07:29,https://pbs.twimg.com/media/FL7LftlaQAA4BS_.jpg,
299,1494855225534029832,https://inattv31.xyz/inat-box-v8.apk,"NameSilo, LLC",104.21.2.149,1,0,"(37.751, -97.822)","Kansas, United States",2022-02-18,18:03:53,https://pbs.twimg.com/media/FL7K5VhWQAMrDg0.png,
300,1494859550645702660,http://pasti168.org,NAMECHEAP INC,151.139.128.10,1,0,"(32.7904, -96.8044)","Dallas, United States",2022-02-18,18:21:04,https://pbs.twimg.com/media/FL7O0EMX0AIJ4V2.jpg,
301,1494859415098384385,http://electrostation.online/player161fm.zip,"NameSilo, LLC",81.177.165.133,1,0,"(55.7522, 37.6156)","Москва, Россия",2022-02-18,18:20:32,https://pbs.twimg.com/media/FL7Oi6cX0AIAlyn.jpg,
302,1494858248935153669,http://metamask-connect.net,"OwnRegistrar, Inc.",104.21.80.200,1,0,"(37.751, -97.822)","Kansas, United States",2022-02-18,18:15:54,,
304,1494858015949955073,http://cyber0900.xyz/postnl/postnl.php,NAMECHEAP INC,185.203.117.10,0,0,"(42.7, 23.3333)","София, Бългaрия",2022-02-18,18:14:58,https://pbs.twimg.com/media/FL7NcJmWQAUyoBA.png,
305,1494857994349252612,http://cyber0900.xyz/sns/,NAMECHEAP INC,185.203.117.10,1,0,"(42.7, 23.3333)","София, Бългaрия",2022-02-18,18:14:53,https://pbs.twimg.com/media/FL7Na1KXIAECj1L.png,
306,1494859700483018761,https://panel-rat.xyz/divar.zip,1API GmbH,95.181.161.144,0,0,"(55.7386, 37.6068)","Москва, Россия",2022-02-18,18:21:40,,
307,1494858999065366532,https://hourujd.org,"Wild West Domains, LLC",20.199.105.128,1,0,"(37.751, -97.822)","Kansas, United States",2022-02-18,18:18:53,,
308,1494858760187420672,https://3hffgjhfgjh.shop/fghkfhkgh/gjfghjfhk/int%406319_18febj_mmnb76tgbn.zip,NAMECHEAP INC,192.64.117.134,1,0,"(34.0353, -118.4259)","Los Angeles, United States",2022-02-18,18:17:56,,
309,1494854331924946944,https://accountretrieve.net,Hosting Concepts B.V. d/b/a Registrar.eu,104.41.156.210,1,0,"(38.7078, -78.1566)","Virginia, United States",2022-02-18,18:00:20,https://pbs.twimg.com/media/FL7KFetXIAQ-PRC.png,
310,1494852978905391110,https://15fghfjhfh.shop/dfhfdghdfg/ghdfgjhfhf/358-0572%40nshrma_mnbvgjnb76hb.zip,NAMECHEAP INC,192.64.117.134,1,0,"(34.0353, -118.4259)","Los Angeles, United States",2022-02-18,17:54:57,https://pbs.twimg.com/media/FL7IznKWQAImI_m.jpg,
311,1494852978876026881,https://1fhdfgjfgh.xyz/jmfghmjhgjm/cvghncghnf/358-0572%40nshrma_mnbvgjnb76hb.zip,NAMECHEAP INC,192.64.117.134,1,0,"(34.0353, -118.4259)","Los Angeles, United States",2022-02-18,17:54:57,https://pbs.twimg.com/media/FL7IzwpXwAIwVuC.jpg,
312,1494852648872423431,https://13fghfjhfgjh.xyz/fgjhdfjfgjh/fdghdfghfgh/int%406319_18febj_mmnb76tgbn.zip,NAMECHEAP INC,192.64.117.134,1,0,"(34.0353, -118.4259)","Los Angeles, United States",2022-02-18,17:53:39,https://pbs.twimg.com/media/FL7IiisXMAEMJWB.jpg,
313,1494861795311628288,http://akarsukses.xyz,NAMECHEAP INC,151.139.128.10,1,0,"(32.7904, -96.8044)","Dallas, United States",2022-02-18,18:29:59,,
314,1494857945775067147,http://cyber0900.xyz/rabo/,NAMECHEAP INC,185.203.117.10,999,0,"(42.7, 23.3333)","София, Бългaрия",2022-02-18,18:14:42,https://pbs.twimg.com/media/FL7NYEGXwAIrx24.png,
315,1494857754808393730,http://cyber0900.xyz/knab/,NAMECHEAP INC,185.203.117.10,999,0,"(42.7, 23.3333)","София, Бългaрия",2022-02-18,18:13:56,https://pbs.twimg.com/media/FL7NM8FX0Acj7XM.png,
316,1494862943653138438,https://portlandsoft.works/downloads/ujs_demo_win_v100.zip,NAMECHEAP INC,66.29.146.201,999,0,"(37.751, -97.822)","Kansas, United States",2022-02-18,18:34:33,https://pbs.twimg.com/media/FL7R5_FXEAUUO6_.jpg,
317,1494852557667241985,https://10fg.shop/jhdfjfgjh/jdfgjfgjhghj/358-0572%40nshrma_mnbvgjnb76hb.zip,NAMECHEAP INC,192.64.117.134,1,0,"(34.0353, -118.4259)","Los Angeles, United States",2022-02-18,17:53:17,,
318,1494857733060927493,http://cyber0900.xyz/ing/,NAMECHEAP INC,185.203.117.10,999,0,"(42.7, 23.3333)","София, Бългaрия",2022-02-18,18:13:51,https://pbs.twimg.com/media/FL7NLuUWUAAnurz.png,
319,1494857683563954181,http://cyber0900.xyz/abn/,NAMECHEAP INC,185.203.117.10,999,0,"(42.7, 23.3333)","София, Бългaрия",2022-02-18,18:13:39,https://pbs.twimg.com/media/FL7NIviXMAMWnXv.png,
320,1494866237590888448,https://legrenier-de-toto.fr,GANDI,172.67.211.188,1,0,"(37.751, -97.822)","Kansas, United States",2022-02-18,18:47:38,,
321,1494865284183773187,https://evanxxsvilla.buzz/doc/,"NameSilo, LLC",172.67.169.244,1,0,"(37.751, -97.822)","Kansas, United States",2022-02-18,18:43:51,,
322,1494864445759131655,https://erawsoghwerrwerowuhh.xyz,"NameSilo, LLC",155.94.201.45,999,0,"(34.0494, -118.2641)","Los Angeles, United States",2022-02-18,18:40:31,https://pbs.twimg.com/media/FL7TSoxVUAkpN94.jpg,
323,1494863871206895621,https://my.ts3-nsovuwosdn.com,"GMO INTERNET, INC.",23.95.80.29,0,0,"(42.8864, -78.8781)","Buffalo, United States",2022-02-18,18:38:14,https://pbs.twimg.com/media/FL7SvR2agAAheE9.jpg,
324,1494867401892319235,http://myjab.xyz/,"NameSilo, LLC",3.145.100.247,999,13,"(37.751, -97.822)","Kansas, United States",2022-02-18,18:52:16,https://pbs.twimg.com/media/FL7V-iiaAAM7EEo.png,
325,1494867148904226818,http://3web.site/support/quiz48.zip,Private,172.67.152.183,0,0,"(37.751, -97.822)","Kansas, United States",2022-02-18,18:51:16,,
326,1494867147373391877,http://4dverify.live/wellsfargo.php,Private,143.198.153.77,0,0,"(37.751, -97.822)","Kansas, United States",2022-02-18,18:51:15,,
327,1494857659048210432,http://cyber0900.xyz/,NAMECHEAP INC,185.203.117.10,999,0,"(42.7, 23.3333)","София, Бългaрия",2022-02-18,18:13:33,https://pbs.twimg.com/media/FL7NHL_XoAM5D2T.jpg,
328,1494868819558416387,https://bin-chain.website/,Private,172.67.173.226,1,0,"(37.751, -97.822)","Kansas, United States",2022-02-18,18:57:54,,
329,1494870208514822152,http://dan829nasldkfa2halk.site,Private,51.120.98.195,1,0,"(51.4964, -0.1224)","London, United Kingdom",2022-02-18,19:03:25,,
330,1494869849771753472,http://gerrysgrillandrestaurant.com/gerrys%20grill/access-denied.php,WEBCC,162.213.210.26,0,0,"(33.4413, -112.0421)","Phoenix, United States",2022-02-18,19:02:00,https://pbs.twimg.com/media/FL7YLneXIAMRWwr.png,
332,1494871762907144198,http://gerrysgrillandrestaurant.com/gerrys%20grill/admin/activate-timezone.php,WEBCC,162.213.210.26,0,0,"(33.4413, -112.0421)","Phoenix, United States",2022-02-18,19:09:36,https://pbs.twimg.com/media/FL7Zr7nWQAotR80.png,
333,1494871115411427328,http://gerrysgrillandrestaurant.com/gerrys%20grill/admin/activate-currency.php,WEBCC,162.213.210.26,0,0,"(33.4413, -112.0421)","Phoenix, United States",2022-02-18,19:07:01,https://pbs.twimg.com/media/FL7ZBd0XwAsswX6.png,
334,1494873496073166848,https://reynolpass.buzz/potentialize/,"NameSilo, LLC",172.67.146.127,1,0,"(37.751, -97.822)","Kansas, United States",2022-02-18,19:16:29,https://pbs.twimg.com/media/FL7bg_4XEAcbwkt.jpg,
335,1494875406029279238,http://intesasanpaoli.club/,NAMECHEAP INC,85.119.149.127,1,0,"(55.7386, 37.6068)","Москва, Россия",2022-02-18,19:24:04,https://pbs.twimg.com/media/FL7dKuFXIAQSFc9.jpg,
336,1494876077465948161,https://lucyzzgreens.buzz/,"NameSilo, LLC",172.67.139.249,1,0,"(37.751, -97.822)","Kansas, United States",2022-02-18,19:26:44,,
337,1494875862386323457,https://kennedybor.buzz/adobe/,"NameSilo, LLC",172.67.195.97,1,0,"(37.751, -97.822)","Kansas, United States",2022-02-18,19:25:53,,
338,1494875807675674624,https://www.myjcb-cojp01.shop,"NameSilo, LLC",107.173.154.16,0,0,"(42.8864, -78.8781)","Buffalo, United States",2022-02-18,19:25:40,https://pbs.twimg.com/media/FL7dn-gVEAINAnH.jpg,
339,1494875717913530368,https://lewifficway.buzz/review/,"NameSilo, LLC",104.21.21.67,0,0,"(37.751, -97.822)","Kansas, United States",2022-02-18,19:25:19,https://pbs.twimg.com/media/FL7dij-XwAAunNd.jpg,
340,1494875661508681729,https://monter.honete.xyz,"NameSilo, LLC",23.95.225.112,1,0,"(42.8864, -78.8781)","Buffalo, United States",2022-02-18,19:25:05,https://pbs.twimg.com/media/FL7dfeoUYAEa2-D.jpg,
341,1494875405324533763,https://joannebury.buzz/,"NameSilo, LLC",104.21.5.52,1,0,"(37.751, -97.822)","Kansas, United States",2022-02-18,19:24:04,https://pbs.twimg.com/media/FL7dQYkX0AUFxtQ.jpg,
342,1494881380362186755,https://www.jreast.co.jp.hfjfy.com,ERANET INTERNATIONAL LIMITED,104.129.5.187,0,1,"(34.0494, -118.2641)","Los Angeles, United States",2022-02-18,19:47:49,https://pbs.twimg.com/media/FL7isYEVQAAXay9.jpg,
343,1494881244626440192,https://myjcbs.orprirlkmnfsa.com,"GMO INTERNET, INC.",23.95.80.29,1,2,"(42.8864, -78.8781)","Buffalo, United States",2022-02-18,19:47:16,https://pbs.twimg.com/media/FL7ikeYVgAo9cTL.jpg,
344,1494881123469389826,https://www.myjcb-cojp001.shop,"NameSilo, LLC",107.173.154.16,0,0,"(42.8864, -78.8781)","Buffalo, United States",2022-02-18,19:46:48,https://pbs.twimg.com/media/FL7idaeVUAMxGLx.jpg,
346,1494880870682882056,https://www.s.aneonoucoosm.top,Alibaba.com Singapore E-Commerce Private Limited,107.172.75.136,1,6,"(42.8864, -78.8781)","Buffalo, United States",2022-02-18,19:45:47,https://pbs.twimg.com/media/FL7iOrGaMAENF-o.jpg,
347,1494885616575815680,https://aktualisierung-amzn-online-agb.xyz,"NameSilo, LLC",104.21.62.129,0,0,"(37.751, -97.822)","Kansas, United States",2022-02-18,20:04:39,,
348,1494874893233659907,https://hunteortfo.buzz/adobe/,"NameSilo, LLC",104.21.35.89,1,0,"(37.751, -97.822)","Kansas, United States",2022-02-18,19:22:02,https://pbs.twimg.com/media/FL7cydsWYAQN7Yy.jpg,
349,1494888294546644995,https://validationaccount.fr,KEY-SYSTEMS GmbH,179.43.175.156,1,0,"(47.3667, 8.55)","Zürich, Schweiz/Suisse/Svizzera/Svizra",2022-02-18,20:15:17,https://pbs.twimg.com/media/FL7oTfeXIAItF2f.png,
350,1494886694931218432,https://s.aenossawsmano.top,Alibaba.com Singapore E-Commerce Private Limited,107.172.75.136,1,16,"(42.8864, -78.8781)","Buffalo, United States",2022-02-18,20:08:56,https://pbs.twimg.com/media/FL7nhoeaAAASwNi.jpg,
351,1494888789898149889,http://walletproo.tech,PDR Ltd. d/b/a PublicDomainRegistry.com,8.210.32.159,1,0,"(1.2931, 103.8558)","Singapore, Singapore",2022-02-18,20:17:15,,
352,1494887775564296194,http://www.amyhgfg1.shop,"NameSilo, LLC",148.66.23.106,1,1,"(22.2333, 114)","香港 Hong Kong, 中国",2022-02-18,20:13:14,https://pbs.twimg.com/media/FL7ogRnUYAMPFk-.jpg,
353,1494890338401538048,https://xyty.org/maryland%20%281%29%20%281%29.zip,NAMECHEAP INC,198.54.120.224,1,0,"(34.0353, -118.4259)","Los Angeles, United States",2022-02-18,20:23:25,,
356,1494892802685259783,https://ortjohnson.buzz/adobe/,"NameSilo, LLC",104.21.43.30,1,0,"(37.751, -97.822)","Kansas, United States",2022-02-18,20:33:12,https://pbs.twimg.com/media/FL7tDO_X0AATG-o.jpg,
357,1494886672659533826,https://mtb-grupe.xyz,"NameSilo, LLC",185.178.208.176,1,0,"(55.7386, 37.6068)","Москва, Россия",2022-02-18,20:08:51,,
358,1494886570981134339,https://s.aenossawamano.top,Alibaba.com Singapore E-Commerce Private Limited,107.172.75.136,1,16,"(42.8864, -78.8781)","Buffalo, United States",2022-02-18,20:08:26,https://pbs.twimg.com/media/FL7nadlacAIwkrY.jpg,
359,1494894093712953344,http://ariesnetwork.app,"GoDaddy.com, LLC",50.87.195.157,0,0,"(40.2347, -111.6447)","Provo, United States",2022-02-18,20:38:20,,
360,1494893361030967296,http://b-h.one/z.apk,Porkbun,162.213.210.26,999,0,"(33.4413, -112.0421)","Phoenix, United States",2022-02-18,20:35:25,,
361,1494894081969106947,https://www.s.aneonoucaosm.top,Alibaba.com Singapore E-Commerce Private Limited,107.172.75.136,1,0,"(42.8864, -78.8781)","Buffalo, United States",2022-02-18,20:38:17,https://pbs.twimg.com/media/FL7uPqHakAMsm-C.jpg,
362,1494886545928728576,https://cartevitale-ameli.org,"GoDaddy.com, LLC",62.210.168.247,1,0,"(48.8582, 2.3387000000000002)","Île-de-France, France",2022-02-18,20:08:20,,
365,1494902285633310721,http://coinbasewallte.tech,PDR Ltd. d/b/a PublicDomainRegistry.com,8.210.32.159,1,0,"(1.2931, 103.8558)","Singapore, Singapore",2022-02-18,21:10:53,,
366,1494901827455918080,http://verificatlonorangemfoemmemell25rjrmrmr.comienzatunegocio.com/,"GoDaddy.com, LLC",192.185.121.189,0,15,"(29.8324, -95.472)","Houston, United States",2022-02-18,21:09:04,https://pbs.twimg.com/media/FL71SfxWYAY5QbG.jpg,
368,1494903756047237125,http://muleviatan.com/dmnmucms_1.2.1.zip,dattatec.com SRL,158.69.57.19,0,0,"(40.732, -74.1765)","Newark, United States",2022-02-18,21:16:44,,
369,1494903197164474368,http://www.eposcardyt.com/memberservice/login.jsp,ALIBABA.COM SINGAPORE E-COMMERCE PRIVATE LIMITED,103.57.24.223,1,0,"(22.25, 114.1667)","香港島 Hong Kong Island, 中国",2022-02-18,21:14:30,https://pbs.twimg.com/media/FL72h-OVkAE95SX.jpg,
370,1494904764840173570,https://tvroyale.org,"NameSilo, LLC",149.56.13.119,1,0,"(43.6319, -79.3716)","Old Toronto, Canada",2022-02-18,21:20:44,,
371,1494908660321067009,https://phillipran.buzz/zoz/zoosk.zip,"NameSilo, LLC",104.21.39.27,1,0,"(37.751, -97.822)","Kansas, United States",2022-02-18,21:36:13,,
372,1494911153125867521,https://dvalidator.live/,Private,162.213.255.40,1,0,"(34.0353, -118.4259)","Los Angeles, United States",2022-02-18,21:46:07,https://pbs.twimg.com/media/FL79rn7XMAE9Bg4.jpg,
373,1494910106970255363,https://www.s.aneonoucunaso.top,Alibaba.com Singapore E-Commerce Private Limited,107.172.75.136,1,0,"(42.8864, -78.8781)","Buffalo, United States",2022-02-18,21:41:58,https://pbs.twimg.com/media/FL780axaMAEfx7T.jpg,
374,1494909977928298496,https://www.s.aneonoucunoso.top,Alibaba.com Singapore E-Commerce Private Limited,107.172.75.136,1,0,"(42.8864, -78.8781)","Buffalo, United States",2022-02-18,21:41:27,https://pbs.twimg.com/media/FL78s7gakAMJjAK.jpg,
375,1494912882613665792,http://emaarscrapdealers.online/wp-admin/upgrade.php,PDR Ltd. d/b/a PublicDomainRegistry.com,195.201.179.80,0,0,"(51.2993, 9.491)","Kassel, Deutschland",2022-02-18,21:53:00,https://pbs.twimg.com/media/FL7--K0X0AUos7H.png,
376,1494912341124829185,http://jamtoto.info,NAMECHEAP INC,151.139.128.10,1,0,"(32.7904, -96.8044)","Dallas, United States",2022-02-18,21:50:50,,
377,1494911556659957762,http://emaarscrapdealers.online/wp-admin/update-core.php,PDR Ltd. d/b/a PublicDomainRegistry.com,195.201.179.80,0,0,"(51.2993, 9.491)","Kassel, Deutschland",2022-02-18,21:47:43,,
378,1494911410178039808,http://neverwinwlaq.xyz/bin.exe,"GoDaddy.com, LLC",209.141.59.94,1,0,"(36.1721, -115.1224)","Las Vegas, United States",2022-02-18,21:47:08,https://pbs.twimg.com/media/FL79_vxXwAA3Exn.png,
379,1494910471345950723,http://emaarscrapdealers.online/wp-admin/install.php,PDR Ltd. d/b/a PublicDomainRegistry.com,195.201.179.80,0,0,"(51.2993, 9.491)","Kassel, Deutschland",2022-02-18,21:43:25,,
380,1494912284141002756,https://dvalidator.live/index-3.html,Private,162.213.255.40,1,0,"(34.0353, -118.4259)","Los Angeles, United States",2022-02-18,21:50:37,https://pbs.twimg.com/media/FL7-y3bXIAE7bO1.jpg,
381,1494912076480974848,https://dvalidator.live/index-2.html,Private,162.213.255.40,1,0,"(34.0353, -118.4259)","Los Angeles, United States",2022-02-18,21:49:47,https://pbs.twimg.com/media/FL7-adsWUAk2cCu.jpg,
382,1494914854188195841,http://emaarscrapdealers.online/wp-admin/import.php,PDR Ltd. d/b/a PublicDomainRegistry.com,195.201.179.80,0,0,"(51.2993, 9.491)","Kassel, Deutschland",2022-02-18,22:00:50,,
384,1494918271178579970,http://vipxxe.xyz,Alibaba Cloud Computing Ltd. d/b/a HiChina (www.net.cn),112.213.123.191,1,0,"(22.2833, 114.15)","香港島 Hong Kong Island, 中国",2022-02-18,22:14:24,,
